[
    {
        "key": "d668160d-6e8c-4d7d-a117-2d317155b995",
        "month": 1,
        "amount": 2
    },
    {
        "key": "9db902b2-82a7-43ac-af72-63dacc379db6",
        "month": 1,
        "amount": 2
    },
    {
        "key": "89d3650c-f858-49b2-9430-26b65aa9f8ce",
        "month": 1,
        "amount": 14
    },
    {
        "key": "da792b0c-44f8-4c87-a81b-7a7a916eead6",
        "month": 1,
        "amount": 14
    },
    {
        "key": "82f2621f-96e3-402e-be77-7dce214f7653",
        "month": 1,
        "amount": 14
    },
    {
        "key": "22076053-96ff-42bc-a424-0ac69bae3f48",
        "month": 1,
        "amount": 14
    },
    {
        "key": "e3a20e04-180e-4d2b-8cd5-691c4f4d9742",
        "month": 1,
        "amount": 14
    }
]